URL;type ;type2;type3;source
100percentfedup.com;Fake news;;;1
12minutos.com;Fake news;;;1
16wmpo.com;Fake news;;;1
20minutenews.com;Fake news;;;1
247newsmedia.com;Fake news;;;1
24aktuelles.com;Fake news;;;1
24online.news;Fake news;;;1
24usainfo.com;Fake news;;;1
24wpn.com;Fake news;;;1
24x365live.com;Fake news;;;1
2ndvote.com;Fake news;;;1
365usnews.com;Fake news;;;1
abcnews.com.co;Fake news;;;1
abcnews-us.com;Fake news;;;1
activistpost.com;Fake news;;;1
actualidadpanamericana.com;Fake news;;;1
actualite.co;Fake news;;;1
actualites.co;Fake news;;;1
adobochronicles.com;Fake news;;;1
afa.net;Fake news;;;1
ahtribune.com;Fake news;;;1
alabamaobserver.com;Fake news;;;1
albertatimes.com;Fake news;;;1
aldipest.com;Fake news;;;1
alertchild.com;Fake news;;;1
allenbwest.com;Fake news;;;1
allenwestrepublic.com;Fake news;;;1
alynews.com;Fake news;;;1
americafans.com;Fake news;;;1
americanflare.com;Fake news;;;1
americanflavor.news;Fake news;;;1
americanjournalreview.com;Fake news;;;1
americannews.com;Fake news;;;1
americanpeoplenetwork.com;Fake news;;;1
americanpoliticnews.co;Fake news;;;1
americanpresident.co;Fake news;;;1
americanprides.com;Fake news;;;1
americantoday.news;Fake news;;;1
americantoday.us;Fake news;;;1
americasfreedomfighters.com;Fake news;;;1
americasnewest.com;Fake news;;;1
amposts.com;Fake news;;;1
anews-24.com;Fake news;;;1
a-news24.com;Fake news;;;1
anews24.org;Fake news;;;1
angrypatriotmovement.com;Fake news;;;1
anonews.co;Fake news;;;1
anonhq.com;Fake news;;;1
anonjekloy.tk;Fake news;;;1
antinews.com;Fake news;;;1
areyouasleep.com;Fake news;;;1
areyousleep.com;Fake news;;;1
armyusanews.com;Fake news;;;1
asamericanasapplepie.org;Fake news;;;1
associatedmediacoverage.com;Fake news;;;1
attitude.co.uk;Fake news;;;1
aurora-news.us;Fake news;;;1
awarenessact.com;Fake news;;;1
babylonbee.com;Fake news;;;1
badcriminals.com;Fake news;;;1
baldwinpost.com;Fake news;;;1
baltimoregazette.com;Fake news;;;1
barenakedislam.com;Fake news;;;1
battypost.com;Fake news;;;1
bb4sp.com;Fake news;;;1
beforeitsnews.com;Fake news;;;1
belgique.actualites.co;Fake news;;;1
benjaminfulford.typepad.com;Fake news;;;1
bestthings.us;Fake news;;;1
bients.com;Fake news;;;1
bigbluevision.org;Fake news;;;1
bignuggetnews.com;Fake news;;;1
bipartisanreport.com;Fake news;;;1
bizstandardnews.com;Fake news;;;1
blackinsurancenews.com;Fake news;;;1
blog.veterantv.net;Fake news;;;1
bluelinestrong.net;Fake news;;;1
bluevision.news;Fake news;;;1
bluevisionpost.com;Fake news;;;1
borderherald.com;Fake news;;;1
bostonleader.com;Fake news;;;1
bostontribune.com;Fake news;;;1
breakingnews247.net;Fake news;;;1
breakingnews365.net;Fake news;;;1
breakingnewsblast.com;Fake news;;;1
breakingtop.world;Fake news;;;1
burrardstreetjournal.com;Fake news;;;1
butthatsnoneofmybusiness.com;Fake news;;;1
buzzfeedusa.com;Fake news;;;1
cannasos.com;Fake news;;;1
cartelpress.com;Fake news;;;1
cartelreport.com;Fake news;;;1
celebtricity.com;Fake news;;;1
channel16news.com;Fake news;;;1
channel17news.com;Fake news;;;1
channel18news.com;Fake news;;;1
channel22news.com;Fake news;;;1
channel23news.com;Fake news;;;1
channel24news.com;Fake news;;;1
channel28news.com;Fake news;;;1
channel33news.com;Fake news;;;1
channel34news.com;Fake news;;;1
channel40news.com;Fake news;;;1
channel45news.com;Fake news;;;1
channel46news.com;Fake news;;;1
channel5000.com;Fake news;;;1
channel55news.com;Fake news;;;1
channel56news.com;Fake news;;;1
channel59news.com;Fake news;;;1
channel60news.com;Fake news;;;1
channel62news.com;Fake news;;;1
channel63news.com;Fake news;;;1
channel65news.com;Fake news;;;1
channel66news.com;Fake news;;;1
channel68news.com;Fake news;;;1
channel77news.com;Fake news;;;1
channel-7-news.com;Fake news;;;1
chicksontheright.com;Fake news;;;1
choiceandtruth.com;Fake news;;;1
christiantimesnewspaper.com;Fake news;;;1
christiantoday.info;Fake news;;;1
chuckcallesto.blogspot.com;Fake news;;;1
city-herald.com;Fake news;;;1
civictribune.com;Fake news;;;1
clancyreport.com;Fake news;;;1
clashdaily.com;Fake news;;;1
clear-politics.com;Fake news;;;1
cnewsgo.com;Fake news;;;1
cnn.com.de;Fake news;;;1
cnn-business-news.ga;Fake news;;;1
cnnews3.com;Fake news;;;1
cnn-globalnews.com;Fake news;;;1
cnn-internationaledition.com;Fake news;;;1
cnoticias.net;Fake news;;;1
coffeebreakforyou.com;Fake news;;;1
collective-evolution.com;Fake news;;;1
concealednation.org;Fake news;;;1
consciouslyenlightened.com;Fake news;;;1
conservative101.com;Fake news;;;1
conservative7.com;Fake news;;;1
conservativearmy88.com;Fake news;;;1
conservativebyte.com;Fake news;;;1
conservativedailypost.com;Fake news;;;1
conservativefiringline.com;Fake news;;;1
conservativeflashnews.com;Fake news;;;1
conservativeinfocorner.com;Fake news;;;1
conservativeinsider.co;Fake news;;;1
conservativeoutfitters.com;Fake news;;;1
conservativepaper.com;Fake news;;;1
conservativepoliticus.com;Fake news;;;1
conservativepost.com;Fake news;;;1
conservativespirit.com;Fake news;;;1
conservativestudio.com;Fake news;;;1
conservativetribune.com;Fake news;;;1
conservativeview.info;Fake news;;;1
consinfo.us;Fake news;;;1
consnation.com;Fake news;;;1
cooltobeconservative.com;Fake news;;;1
countyweekly.com;Fake news;;;1
crooksandliars.com;Fake news;;;1
dailybuzzlive.com;Fake news;;;1
dailycaller.com;Fake news;;;1
dailycurrant.com;Fake news;;;1
dailyfeed.news;Fake news;;;1
dailyfinesser.com;Fake news;;;1
dailyheadlines.net;Fake news;;;1
dailyinfobox.com;Fake news;;;1
dailyinsidernews.com;Fake news;;;1
dailynews10.com;Fake news;;;1
dailynews11.com;Fake news;;;1
dailynews3.com;Fake news;;;1
dailynews33.com;Fake news;;;1
dailynews5.com;Fake news;;;1
dailynewsbin.com;Fake news;;;1
dailynewsposts.info;Fake news;;;1
dailyoccupation.com;Fake news;;;1
dailypost.ng;Fake news;;;1
dailypresser.com;Fake news;;;1
dailysidnews.com;Fake news;;;1
dailysnark.com;Fake news;;;1
dailystormer.com;Fake news;;;1
daily-sun.com;Fake news;;;1
dailysurge.com;Fake news;;;1
dailythings.world;Fake news;;;1
dailyusaupdate.com;Fake news;;;1
dailywire.com;Fake news;;;1
dailyworldupdate.com;Fake news;;;1
dallastimes.us;Fake news;;;1
damnleaks.com;Fake news;;;1
davidwolfe.com;Fake news;;;1
dcclothesline.com;Fake news;;;1
defenseusa.club;Fake news;;;1
defund.com;Fake news;;;1
democraticmoms.com;Fake news;;;1
democraticunderground.com;Fake news;;;1
dennismichaellynch.com;Fake news;;;1
denverguardian.com;Fake news;;;1
denverinquirer.com;Fake news;;;1
departed.co;Fake news;;;1
departedme.com;Fake news;;;1
departedmedia.com;Fake news;;;1
dineal.com;Fake news;;;1
disclose.tv;Fake news;;;1
diyhours.net;Fake news;;;1
donaldtrumpnews.co;Fake news;;;1
donaldtrumppotus45.com;Fake news;;;1
downtrend.com;Fake news;;;1
drugsofficial.com;Fake news;;;1
dublintribune.com;Fake news;;;1
duffelblog.com;Fake news;;;1
eaglerising.com;Fake news;;;1
embols.com;Fake news;;;1
empireherald.com;Fake news;;;1
empirenews.net;Fake news;;;1
empiresports.co;Fake news;;;1
en.mediamass.net;Fake news;;;1
en-bref.fr;Fake news;;;1
endingthefed.com;Fake news;;;1
endoftheamericandream.com;Fake news;;;1
endtimeheadlines.org;Fake news;;;1
enhlive.com;Fake news;;;1
en-volve.com;Fake news;;;1
eutimes.net;Fake news;;;1
everydaybreakingnews.com;Fake news;;;1
everynewshere.com;Fake news;;;1
express.co.uk;Fake news;;;1
factrider.com;Fake news;;;1
famousviralstories.com;Fake news;;;1
fanzinger.com;Fake news;;;1
federalistnation.com;Fake news;;;1
federalisttribune.com;Fake news;;;1
fedsalert.com;Fake news;;;1
fellowshipoftheminds.com;Fake news;;;1
firstpost.com;Fake news;;;1
flashinfo.org;Fake news;;;1
flashnewscorner.com;Fake news;;;1
floridasunpost.com;Fake news;;;1
focusnews.info;Fake news;;;1
folksvideo.com;Fake news;;;1
forfreedomworld.com;Fake news;;;1
fox-news24.com;Fake news;;;1
france.actualites.co;Fake news;;;1
freddymag.com;Fake news;;;1
freedomcrossroads.us;Fake news;;;1
freedomdaily.com;Fake news;;;1
freedomjunkshun.com;Fake news;;;1
freedomsfinalstand.com;Fake news;;;1
freeinfomedia.com;Fake news;;;1
freeinquirer.com;Fake news;;;1
freerepublic.com;Fake news;;;1
freewoodpost.com;Fake news;;;1
freshdailyreport.com;Fake news;;;1
friendsofsyria.wordpress.com;Fake news;;;1
frontpagemag.com;Fake news;;;1
fury.news;Fake news;;;1
getoffthebs.com;Fake news;;;1
givemeliberty01.com;Fake news;;;1
globalassociatednews.com;Fake news;;;1
globalpoliticsnow.com;Fake news;;;1
globalrevolutionnetwork.com;Fake news;;;1
gopthedailydose.com;Fake news;;;1
gotnews.com;Fake news;;;1
greenvillegazette.com;Fake news;;;1
guerilla.news;Fake news;;;1
guerillanews.com;Fake news;;;1
gummypost.com;Fake news;;;1
halfwaypost.com;Fake news;;;1
halturnershow.com;Fake news;;;1
headlinebrief.com;Fake news;;;1
healthnutnews.com;Fake news;;;1
healthycareandbeauty.com;Fake news;;;1
healthyworldhouse.com;Fake news;;;1
heatst.com;Fake news;;;1
heaviermetal.net;Fake news;;;1
heightpost.com;Fake news;;;1
higherperspectives.com;Fake news;;;1
hotglobalnews.com;Fake news;;;1
houstonchronicle-tv.com;Fake news;;;1
houstonleader.com;Fake news;;;1
huzlers.com;Fake news;;;1
ideaspots.com;Fake news;;;1
ihavethetruth.com;Fake news;;;1
ijr.com;Fake news;;;1
ilovemyfreedom.org;Fake news;;;1
ilovenativeamericans.us;Fake news;;;1
impulsetoday.com;Fake news;;;1
independentminute.com;Fake news;;;1
infowars.com;Fake news;;;1
inquisitr.com;Fake news;;;1
interestingdailynews.com;Fake news;;;1
intrendtoday.com;Fake news;;;1
iotwreport.com;Fake news;;;1
ipatriot.com;Fake news;;;1
isthatlegit.com;Fake news;;;1
jacksontelegraph.com;Fake news;;;1
jewsnews.co.il;Fake news;;;1
joeforamerica.com;Fake news;;;1
jokerviral.com;Fake news;;;1
jookos.com;Fake news;;;1
journaldemourreal.com;Fake news;;;1
judicialwatch.org;Fake news;;;1
kata33.com;Fake news;;;1
kbc14.com;Fake news;;;1
kcst7.com;Fake news;;;1
kf13.com;Fake news;;;1
klponews.com;Fake news;;;1
km8news.com;Fake news;;;1
kmt11.com;Fake news;;;1
knp7.com;Fake news;;;1
konkonsagh.biz;Fake news;;;1
krb7.com;Fake news;;;1
krbcnews.com;Fake news;;;1
kspm33.com;Fake news;;;1
kty24news.com;Fake news;;;1
kupr7.com;Fake news;;;1
ky12news.com;Fake news;;;1
ky6news.com;Fake news;;;1
kypo6.com;Fake news;;;1
ladiesofliberty.net;Fake news;;;1
ladylibertysnews.com;Fake news;;;1
landrypost.com;Fake news;;;1
lastdeplorables.com;Fake news;;;1
learnprogress.org;Fake news;;;1
liberalplug.com;Fake news;;;1
libertyalliance.com;Fake news;;;1
liberty-courier.com;Fake news;;;1
libertywritersnews.com;Fake news;;;1
local31news.com;Fake news;;;1
localnews33.com;Fake news;;;1
londonwebnews.com;Fake news;;;1
lopezreport.com;Fake news;;;1
louderwithcrowder.com;Fake news;;;1
macedoniaonline.eu;Fake news;;;1
madworldnews.com;Fake news;;;1
mainerepublicemailalert.com;Fake news;;;1
majorthoughts.com;Fake news;;;1
maywoodpost.com;Fake news;;;1
mbynews.com;Fake news;;;1
mckenziepost.com;Fake news;;;1
mediamass.net;Fake news;;;1
mediamaxzone.com;Fake news;;;1
mediazone.news;Fake news;;;1
medicalkidnap.com;Fake news;;;1
mentor2day.com;Fake news;;;1
metropolitanworlds.com;Fake news;;;1
mississippiherald.com;Fake news;;;1
morning-herald.com;Fake news;;;1
morningnewsusa.com;Fake news;;;1
mrnewswatch.com;Fake news;;;1
msfanpage.link;Fake news;;;1
msnbc.website;Fake news;;;1
myfreshnews.com;Fake news;;;1
nachrichten.de.com;Fake news;;;1
nachrichten365.com;Fake news;;;1
nation.com.pk;Fake news;;;1
nationalinsiderpolitics.com;Fake news;;;1
nationalreport.net;Fake news;;;1
nativeamericans.us;Fake news;;;1
nativestuff.us;Fake news;;;1
naturalnews.com;Fake news;;;1
nbc.com.co;Fake news;;;1
ncscooper.com;Fake news;;;1
neonnettle.com;Fake news;;;1
nephef.com;Fake news;;;1
net-infosnews.com;Fake news;;;1
nevo.news;Fake news;;;1
newcenturytimes.com;Fake news;;;1
newjournal.us;Fake news;;;1
newpoliticstoday.com;Fake news;;;1
news14kgpn.com;Fake news;;;1
news14now.com;Fake news;;;1
news4ktla.com;Fake news;;;1
newsbiscuit.com;Fake news;;;1
newsbreakhere.com;Fake news;;;1
newsbreakingspipe.com;Fake news;;;1
newsbreakshere.com;Fake news;;;1
newsbuzzdaily.com;Fake news;;;1
newsbysquad.com;Fake news;;;1
newsconservative.com;Fake news;;;1
newsdaily10.com;Fake news;;;1
newsdaily12.com;Fake news;;;1
newsdaily27.com;Fake news;;;1
newsexaminer.net;Fake news;;;1
newsfeedhunter.com;Fake news;;;1
newsfeedobserver.com;Fake news;;;1
newsformetoday.com;Fake news;;;1
newshubs.info;Fake news;;;1
newsjustforyou1.blogspot.com;Fake news;;;1
newsleak.co;Fake news;;;1
newslo.com;Fake news;;;1
newsnow17.com;Fake news;;;1
newsoftrump.com;Fake news;;;1
newsphd.com;Fake news;;;1
newspunch.com;Fake news;;;1
newsrescue.com;Fake news;;;1
newsuptoday.com;Fake news;;;1
newswatch33.com;Fake news;;;1
newzmagazine.com;Fake news;;;1
nnettle.com;Fake news;;;1
notallowedto.com;Fake news;;;1
noticias365.info;Fake news;;;1
noticias-frescas.com;Fake news;;;1
notizzia.com;Fake news;;;1
now8news.com;Fake news;;;1
nowtheendbegins.com;Fake news;;;1
nunadisbereel.com;Fake news;;;1
nydailynews-tv.com;Fake news;;;1
nymeta.co;Fake news;;;1
observatorial.com;Fake news;;;1
observeronline.news;Fake news;;;1
occupydemocrats.com;Fake news;;;1
onepoliticalplaza.com;Fake news;;;1
onlysimchas.com;Fake news;;;1
openmagazines.com;Fake news;;;1
oreillypost.com;Fake news;;;1
ourlandofthefree.com;Fake news;;;1
palmerreport.com;Fake news;;;1
pamelageller.com;Fake news;;;1
paris.actualites.co;Fake news;;;1
patriotcrier.com;Fake news;;;1
patriothangout.com;Fake news;;;1
patriotusa.website;Fake news;;;1
persecutes.com;Fake news;;;1
politicalmayhem.news;Fake news;;;1
politicalo.com;Fake news;;;1
politicass.com;Fake news;;;1
politicono.com;Fake news;;;1
politicops.com;Fake news;;;1
politicot.com;Fake news;;;1
politicspaper.com;Fake news;;;1
politicsusanews.com;Fake news;;;1
positivedaily.com;Fake news;;;1
postcard.news;Fake news;;;1
potatriotpost.com;Fake news;;;1
powderedwigsociety.com;Fake news;;;1
powerdaily.us;Fake news;;;1
president45donaldtrump.com;Fake news;;;1
pressunion.org;Fake news;;;1
prntly.com;Fake news;;;1
proudcons.com;Fake news;;;1
proudleader.com;Fake news;;;1
puppetstringnews.com;Fake news;;;1
qpolitical.com;Fake news;;;1
qualitysharing.com;Fake news;;;1
react365.com;Fake news;;;1
readconservatives.news;Fake news;;;1
reaganwasright.com;Fake news;;;1
realnewsrightnow.com;Fake news;;;1
rearfront.com;Fake news;;;1
redcountry.us;Fake news;;;1
redflagnews.com;Fake news;;;1
redinfo.us;Fake news;;;1
redpolitics.us;Fake news;;;1
redrocktribune.com;Fake news;;;1
redstatewatcher.com;Fake news;;;1
reflectionofmind.org;Fake news;;;1
regated.com;Fake news;;;1
religionlo.com;Fake news;;;1
religionmind.com;Fake news;;;1
religiousmind.com;Fake news;;;1
revolutions2040.com;Fake news;;;1
rickwells.us;Fake news;;;1
rightsidenews.com;Fake news;;;1
rightwingnews.com;Fake news;;;1
rilenews.com;Fake news;;;1
rogue-nation3.com;Fake news;;;1
rumorjournal.com;Fake news;;;1
satiratribune.com;Fake news;;;1
scaryhours.com;Fake news;;;1
scrapetv.com;Fake news;;;1
shariaunveiled.wordpress.com;Fake news;;;1
smag31.com;Fake news;;;1
smhwtfnews.com;Fake news;;;1
snoopack.com;Fake news;;;1
socialeverythings.com;Fake news;;;1
sourceplanet.net;Fake news;;;1
southernconservativeextra.com;Fake news;;;1
spinzon.com;Fake news;;;1
statenation.co;Fake news;;;1
stateofthenation2012.com;Fake news;;;1
states-tv.com;Fake news;;;1
stgeorgegazette.com;Fake news;;;1
stillnessinthestorm.com;Fake news;;;1
straightstoned.com;Fake news;;;1
stuppid.com;Fake news;;;1
success-street.com;Fake news;;;1
sundayinquirer.com;Fake news;;;1
sundaypost.org;Fake news;;;1
superstation95.com;Fake news;;;1
supremepatriot.com;Fake news;;;1
surreytelegraph.com;Fake news;;;1
sydneybulletin.com;Fake news;;;1
tdnewswire.com;Fake news;;;1
tdtalliance.com;Fake news;;;1
teaparty.org;Fake news;;;1
teddystick.com;Fake news;;;1
telegraphsun.com;Fake news;;;1
teoinfo.com;Fake news;;;1
thatviralfeed.net;Fake news;;;1
theavocadonews.com;Fake news;;;1
thebigriddle.com;Fake news;;;1
thebostontribune.com;Fake news;;;1
thebreakingnews.co;Fake news;;;1
theconservativetreehouse.com;Fake news;;;1
theeventchronicle.com;Fake news;;;1
theexaminer.site;Fake news;;;1
thefederalistpapers.org;Fake news;;;1
thefreepatriot.org;Fake news;;;1
thefrt.com;Fake news;;;1
thegatewaypundit.com;Fake news;;;1
the-global-news.com;Fake news;;;1
thehornnews.com;Fake news;;;1
the-insider.co;Fake news;;;1
theinternationalreporter.org;Fake news;;;1
theinternetpost.net;Fake news;;;1
thelastamericanvagabond.com;Fake news;;;1
thelastlineofdefense.online;Fake news;;;1
thelastlineofdefense.org;Fake news;;;1
themiamigazette.com;Fake news;;;1
themindunleashed.com;Fake news;;;1
themoralofthestory.us;Fake news;;;1
thenationalmarijuananews.com;Fake news;;;1
thenationalpatriot.com;Fake news;;;1
thenationalsun.com;Fake news;;;1
thenet24h.com;Fake news;;;1
thenewsclub.info;Fake news;;;1
thenewsnerd.com;Fake news;;;1
thenewyorkevening.com;Fake news;;;1
thenochill.com;Fake news;;;1
thepeoplescube.com;Fake news;;;1
thepoliticalinsider.com;Fake news;;;1
thepoliticaltribune.com;Fake news;;;1
the-postillon.com;Fake news;;;1
thepremiumnews.com;Fake news;;;1
theracketreport.com;Fake news;;;1
therealshtick.com;Fake news;;;1
therealstrategy.com;Fake news;;;1
thereporterz.com;Fake news;;;1
therightists.com;Fake news;;;1
therooster.com;Fake news;;;1
theseattletribune.com;Fake news;;;1
thesmokersclub.com;Fake news;;;1
thesolexchange.com;Fake news;;;1
thetrumpmedia.com;Fake news;;;1
thetrumppers.com;Fake news;;;1
theusaconservative.com;Fake news;;;1
theusa-news.com;Fake news;;;1
thevalleyreport.com;Fake news;;;1
thewashingtonpress.com;Fake news;;;1
theworldupdate.com;Fake news;;;1
thirdestatenewsgroup.com;Fake news;;;1
times.com.mx;Fake news;;;1
timesofcambodia.com;Fake news;;;1
tmn.today;Fake news;;;1
tmzbreaking.com;Fake news;;;1
tmzbusiness.com;Fake news;;;1
tmzcomedy.com;Fake news;;;1
tmzhiphop.com;Fake news;;;1
tmzuncut.com;Fake news;;;1
tmzurban.com;Fake news;;;1
tmzworldnews.com;Fake news;;;1
tmzworldstar.com;Fake news;;;1
tmzworldstarnews.com;Fake news;;;1
topinfopost.com;Fake news;;;1
toprightnews.com;Fake news;;;1
toutelinfo.fr;Fake news;;;1
tribunist.com;Fake news;;;1
trueactivist.com;Fake news;;;1
trueamericans.me;Fake news;;;1
truetrumpers.com;Fake news;;;1
trunews.com;Fake news;;;1
truthfeed.com;Fake news;;;1
truthkings.com;Fake news;;;1
truthuncensored.net;Fake news;;;1
undergroundnewsreport.com;Fake news;;;1
unitedmediapublishing.com;Fake news;;;1
unitednews.org;Fake news;;;1
universepolitics.com;Fake news;;;1
urbanimagemagazine.com;Fake news;;;1
urdoca.com;Fake news;;;1
usa360-tv.com;Fake news;;;1
usa-conservative.com;Fake news;;;1
usaconservativereport.com;Fake news;;;1
usadailyinfo.com;Fake news;;;1
usadailypost.us;Fake news;;;1
usadailythings24.com;Fake news;;;1
usadailytime.com;Fake news;;;1
usadosenews.com;Fake news;;;1
usafirstinformation.com;Fake news;;;1
usanews4u.us;Fake news;;;1
usanewsflash.com;Fake news;;;1
usanewshome.com;Fake news;;;1
usanewstoday.com;Fake news;;;1
usapolitics24hrs.com;Fake news;;;1
usapoliticsnow.com;Fake news;;;1
usapoliticstoday.com;Fake news;;;1
usapoliticszone.com;Fake news;;;1
usa-radio.com;Fake news;;;1
usasnich.com;Fake news;;;1
usasupreme.com;Fake news;;;1
usa-television.com;Fake news;;;1
usatodaynews.me;Fake news;;;1
usatodaypolitics.com;Fake news;;;1
usaworldbox.com;Fake news;;;1
uschronicle.com;Fake news;;;1
ushealthyadvisor.com;Fake news;;;1
ushealthylife.com;Fake news;;;1
usherald.com;Fake news;;;1
usinfonews.com;Fake news;;;1
uspoliticsinfo.com;Fake news;;;1
uspoln.com;Fake news;;;1
uspostman.com;Fake news;;;1
ustruthwire.com;Fake news;;;1
usuncut.com;Fake news;;;1
vancouverinquirer.com;Fake news;;;1
vesselnews.io;Fake news;;;1
veteransfordonaldtrump.com;Fake news;;;1
viralactions.com;Fake news;;;1
viralcocaine.com;Fake news;;;1
viralcords.com;Fake news;;;1
viraldevil.com;Fake news;;;1
viralliberty.com;Fake news;;;1
viralmugshot.com;Fake news;;;1
viralpropaganda.com;Fake news;;;1
viralspeech.com;Fake news;;;1
viralstupid.com;Fake news;;;1
viralstuppid.com;Fake news;;;1
voxtribune.com;Fake news;;;1
washingtonevening.com;Fake news;;;1
washingtonfeed.com;Fake news;;;1
washingtonpost.com.co;Fake news;;;1
wazanews.tk;Fake news;;;1
wcpm3.com;Fake news;;;1
wearechange.org;Fake news;;;1
weconservative.com;Fake news;;;1
weekendherald.com;Fake news;;;1
weekendpoliticalnews.com;Fake news;;;1
welovenative.com;Fake news;;;1
werk35.com;Fake news;;;1
westernsentinel.com;Fake news;;;1
westfieldpost.com;Fake news;;;1
wetheproudpatriots.com;Fake news;;;1
wftj8news.com;Fake news;;;1
whatdoesitmean.com;Fake news;;;1
whatsupic.com;Fake news;;;1
whydontyoutrythis.com;Fake news;;;1
witscience.org;Fake news;;;1
wleb21.com;Fake news;;;1
wm21news.com;Fake news;;;1
wmacnews.com;Fake news;;;1
wmb36.com;Fake news;;;1
wnd.com;Fake news;;;1
world.politics.com;Fake news;;;1
worldinformation24.info;Fake news;;;1
worldnewscircle.com;Fake news;;;1
worldnewsdailyreport.com;Fake news;;;1
worldnewspolitics.com;Fake news;;;1
worldpoliticsnow.com;Fake news;;;1
worldpoliticus.com;Fake news;;;1
world-politicus.com;Fake news;;;1
worldtruth.tv;Fake news;;;1
wrejnews.com;Fake news;;;1
wrpm33.com;Fake news;;;1
wrpt16.com;Fake news;;;1
wtoe5news.com;Fake news;;;1
wy21news.com;Fake news;;;1
xbn-news.com;Fake news;;;1
yesimright.com;Fake news;;;1
youngcons.com;Fake news;;;1
yournewswire.com;Fake news;;;1
zerohedge.com;Fake news;;;1
zootfeed.com;Fake news;;;1
ANews24.org/;Fake news;;;2
IndiaTimes.com;some fake stories;;;2
TopInfoPost.con;Some fake stories;;;2
82221129208;conspiracy;fake;;3
21stcenturywire.com;conspiracy;;;3
24newsflash.com;fake;;;3
365usanews.com;bias;conspiracy;;3
4threvolutionarywar.wordpress.com;bias;conspiracy;;3
70news.wordpress.com;fake;;;3
aanirfan.blogspot.co.uk;unreliable;;;3
abcnewsgo.co;fake;;;3
abeldanger.net;conspiracy;;;3
abovetopsecret.com;conspiracy;rumor;;3
abriluno.com;satire;fake;;3
aceflashman.wordpress.com;satire;;;3
actforamerica.org/news;hate;;;3
Acting-Man.com;unreliable;conspiracy;;3
addictinginfo.org;clickbait;unreliable;;3
adflegal.org/media;hate;;;3
advocate.com;political;reliable;;3
aheadoftheherd.com;bias;;;3
allnewspipeline.com;unreliable;conspiracy;;3
alternativemediasyndicate.com;fake;;;3
alternet.org;political;reliable;;3
Alt-Market.com;conspiracy;bias;;3
americablog.com;bias;clickbait;;3
americanborderpatrol.com;hate;;;3
americanfreepress.net;conspiracy;bias;;3
AmericanKabuki.blogspot.com;junksci;;;3
americanlookout.com;bias;clickbait;;3
americannewsx.com;political;bias;satire;3
americanoverlook.com;fake;;;3
americanpatriotdaily.com;bias;clickbait;bias;3
americanprogress.org;political;reliable;;3
americanreviewer.com;conspiracy;;;3
americanthinker.com;bias;;;3
AmmoLand.com;bias;;;3
amplifyingglass.com;clickbait;satire;;3
amren.com;hate;conspiracy;;3
amtvmedia.com;rumor;unreliable;;3
amusmentic.com;clickbait;rumor;;3
ancient-code.com;junksci;unreliable;;3
anonnews.co;unreliable;;;3
anotherdayintheempire.com;bias;conspiracy;;3
antiwar.com;bias;unreliable;;3
antoniusaquinas.wp.com;bias;conspiracy;;3
aryannationswordwide1488.org;hate;;;3
asia-pacificresearch.com;unreliable;satire;;3
assassinationscience.com;conspiracy;junksci;;3
attn.com;political;clickbait;;3
AutomaticEarth.com;unreliable;;;3
automotostar.com;clickbait;;;3
awazetribune.com;satire;;;3
awdnews.com;conspiracy;;;3
awm.com;unreliable;bias;clickbait;3
BadSquad.com;unknown;;;3
baptistnews.com;political;;;3
barnesreview.org;hate;;;3
beehivebugle.com;satire;;;3
betootaadvocate.com;satire;;;3
bigamericannews.com;satire;fake;;3
bigbluedimension.com;rumor;bias;;3
bigbluevision.com;hate;;;3
bighairynews.com;fake;conspiracy;;3
bigpzone.com;unknown;;;3
blackagendareport.com;unreliable;;;3
blackgenocide.org;conspiracy;bias;hate;3
blackinusrancenews.com;fake;unreliable;;3
blacklistednews.com;clickbait;unreliable;;3
bluenationreview.com;clickbait;unreliable;;3
Boilingfrogspost.com;unreliable;;;3
borowitzreport.com;satire;;;3
breaking911.com;clickbait;unreliable;;3
breakpoint.org;unreliable;;;3
breitbart.com;political;unreliable;bias;3
BrotherJohnF.com;bias;conspiracy;;3
BullionBullsCanada.com;conspiracy;;;3
bvanews.com;unreliable;bias;fake;3
callthecops.net;satire;;;3
canadafreepress.com;conspiracy;bias;;3
cap-news.com;fake;;;3
cato.org/blog;political;reliable;;3
cbsnews.com.co;fake;;;3
centerforsecuritypolicy.org;bias;conspiracy;;3
centerforsecuritypolicy.org/#articles;hate;;;3
charismanews.com;bias;;;3
chaser.com.au;satire;;;3
checkoutthehealthyworld.com;junksci;clickbait;;3
christianfightback.com;hate;bias;;3
christianpost.com;reliable;political;;3
christwire.org;satire;;;3
chronicle.su;satire;;;3
chroniclesmagazine.org;political;;;3
citizensunited.org;bias;;;3
city-journal.org;political;;;3
cityworldnews.com;fake;;;3
clickhole.com;satire;;;3
cnnnext.com;unreliable;;;3
CNSNews.com;unreliable;bias;;3
coasttocoastam.com;unreliable;;;3
coed.com;fake;unreliable;;3
collectivelyconscious.net;junksci;conspiracy;;3
ComingDepression.com;unknown;;;3
commentarymagazine.com;political;;;3
commondreams.org;political;clickbait;;3
concisepolitics.com;conspiracy;hate;;3
consciouslifenews.com;junksci;;;3
conservapedia.com;bias;;;3
conservativefighters.com;fake;;;3
conservativefrontline.com;unknown;;;3
conservativeheadlines.com;unknown;;;3
conservativehq.com;bias;;;3
conservativeinfidel.com;fake;conspiracy;;3
conservativepapers.com;bias;;;3
conservativerefocus.com;conspiracy;;;3
conservativereview.com;political;;;3
conservativestate.com;bias;;;3
consortiumnews.com;reliable;;;3
conspiracyplanet.com;conspiracy;;;3
conspiracywire.com;conspiracy;;;3
corbettreport.com;conspiracy;bias;;3
countdowntozerotime.com;conspiracy;;;3
countercurrentnews.com;bias;;;3
countercurrents.org;political;unreliable;;3
counterinformation.wordpress.com;political;;;3
counterjihad.com;bias;;;3
counterpsyops.com;conspiracy;;;3
counterpunch.com;political;;;3
counterpunch.org;political;;;3
cowgernation.com;bias;conspiracy;;3
creambmp.com;satire;fake;;3
creativitymovement.net/category/news/;hate;;;3
cryptogon.com;conspiracy;unreliable;;3
crystalair.com;satire;;;3
dailydiscord.com;satire;;;3
dailyheadlines.com;fake;;;3
dailyken.com;hate;;;3
dailykos.com;political;clickbait;;3
dailyleak.org;satire;fake;;3
dailynewspolitic.com;unknown;;;3
dailypolitics.info;unknown;;;3
dailypoliticsusa.com;bias;;;3
dailysignal.com;bias;;;3
dailysquib.co.uk;satire;;;3
dailytelegraph.com.au;bias;rumor;;3
dandygoat.com;satire;;;3
darkmoon.me;hate;bias;;3
darkpolitricks.com;bias;conspiracy;;3
dataasylum.com;conspiracy;junksci;;3
DaveJanda.com;unreliable;;;3
davidduke.com;hate;;;3
davidstockmanscontracorner.com;political;;;3
dcgazette.com;fake;;;3
dcleaks.com;unreliable;;;3
ddemocraticunderground.com;fake;;;3
DeadLineLive.info;political;conspiracy;;3
DeadlyClear.wordpress.com;bias;fake;;3
debunkingskeptics.com;bias;conspiracy;;3
defenddemocracy.press;bias;political;;3
delectabledietofpics.net;unknown;;;3
derfmagazine.com;satire;;;3
der-postillon.com;satire;;;3
disclosuremedia.net;conspiracy;;;3
dissentmagazine.org;political;;;3
diversitychronicle.wordpress.com;satire;;;3
DollarVigilante.com;bias;;;3
Dont-Tread-On.Me;conspiracy;;;3
DProgram.net;unknown;;;3
drrichswier.com;hate;bias;;3
drudgereport.com;political;bias;;3
drudgereport.com.co;fake;;;3
duffleblog.com;satire;;;3
duhprogressive.com;satire;;;3
Dutchsinse.com;conspiracy;;;3
EbolaHoax.com;conspiracy;;;3
economicnoise.com;political;unreliable;;3
ecowatch.com;political;;;3
educateinspirechange.org/health;clickbait;junksci;;3
educate-yourself.org;conspiracy;junksci;;3
electionnightgatekeepers.com;conspiracy;unreliable;;3
elelephantintheroom.blogspot.com;bias;;;3
elitereaders.com;clickbait;;;3
elkoshary.com;satire;;;3
elmundotoday.com;satire;;;3
Empirehearland.com;fake;;;3
Emptywheel.net;political;;;3
enabon.com;fake;;;3
endtime.com;bias;clickbait;political;3
enduringvision.com;fake;;;3
english.ruvr.ru;unknown;;;3
en-vovle.com;fake;;;3
eutopia.buzz;fake;satire;conspiracy;3
everydayworldnews.com;unknown;;;3
everythingnewdaily.com;unknown;;;3
ewao.com;junksci;;;3
ExperimentalVaccines.org;junksci;conspiracy;;3
Expose1933.com;conspiracy;hate;;3
extraclubmagazine.com;bias;clickbait;fake;3
eyeopening.info;conspiracy;junksci;;3
fakingnews.com;fake;satire;;3
familysecuritymatters.org;conspiracy;bias;;3
fantasticword.com;unknown;;;3
FarmWars.info;fake;conspiracy;;3
federalistpress.com;bias;;;3
filmsforaction.org;political;;;3
FinancialSurvivalNetwork.com;unreliable;bias;;3
firearmscoalition.org;bias;;;3
flyheight.com;unknown;;;3
fmobserver.com;satire;;;3
fognews.ru;satire;;;3
foodbabe.com;junksci;;;3
foreignpolicyjournal.com;political;;;3
fort-russ.com;unknown;;;3
fourwinds10.net;conspiracy;junksci;;3
fprnradio.com;conspiracy;fake;;3
freakoutnation.com;bias;;;3
FreeBeacon.com;bias;;;3
FreedomForceInternational.com;conspiracy;;;3
freedomoutpost.com;conspiracy;bias;;3
FreedomsPhoenix.com;bias;conspiracy;;3
freedomworks.org;political;;;3
freedomworldnews.com;bias;unreliable;;3
freepatriot.org;satire;;;3
fridaymash.com;satire;;;3
fromthetrenchesworldreport.com;conspiracy;junksci;bias;3
fusion.net;political;reliable;;3
gaia.com;conspiracy;junksci;;3
galacticconnection.com;junksci;;;3
gangstergovernment.com;conspiracy;bias;;3
gatesofvienna.net;hate;conspiracy;;3
geoengineeringwatch.org;junksci;conspiracy;;3
geopolmonitor.com;political;;;3
givemeliberity01.com;fake;;;3
glaringhypocrisy.com;hate;conspiracy;;3
GlobalEconomicAnalysis.com;unknown;;;3
globalresearch.ca;conspiracy;;;3
glossynews.com;satire;;;3
godlikeproductions.com;conspiracy;;;3
gomerblog.com;satire;;;3
goneleft.com;fake;;;3
GonzaloLira.Blogspot.com;unknown;;;3
govtslaves.info;conspiracy;;;3
greanvillepost.com;conspiracy;;;3
GreenMedInfo.com;junksci;;;3
guardianlv.com;political;;;3
guccifer2.wordpress.com;unreliable;;;3
gulagbound.com;bias;;;3
hangthebankers.com;conspiracy;;;3
healthimpactnews.com;junksci;bias;;3
healthy-holistic-living.com;junksci;clickbait;;3
heartland.org;bias;;;3
henrymakow.com;conspiracy;;;3
heresyblog.net;bias;conspiracy;rumor;3
heritage.org;political;;;3
holyobserver.com;satire;;;3
horowitzfreedomcenter.org;bias;;;3
humansarefree.com;conspiracy;;;3
humortimes.com;satire;;;3
icr.org;junksci;;;3
ifyouonlynews.com;unreliable;satire;;3
igrewupinusa.info;unknown;;;3
ihr.org;hate;;;3
illuminati-news.com;conspiracy;;;3
immediatesafety.org;fake;;;3
in5d.com;junksci;;;3
indiaarising.com;clickbait;unreliable;;3
infiniteunknown.net;conspiracy;;;3
informationclearinghouse.info;conspiracy;unreliable;;3
informetoday.com;bias;unreliable;;3
infostormer.com;fake;hate;conspiracy;3
instaworldnews.com;bias;;;3
intellihub.com;conspiracy;unreliable;;3
intrepidreport.com;bias;;;3
investmentresearchdynamics.com;conspiracy;;;3
investmentwatchblog.com;bias;fake;;3
ironictimes.com;satire;;;3
islamicanews.com;satire;;;3
itaglive.com;fake;;;3
ITCCS.org;conspiracy;;;3
ItMakesSenseBlog.com;fake;;;3
iwanttoexplore.com;fake;;;3
jackpineradicals.com;political;;;3
jacobinmag.com;political;;;3
jamesrgrangerjr.com;bias;;;3
jesus-is-savior.com;conspiracy;;;3
jihadwatch.org;conspiracy;hate;;3
johnnyrobish.com;satire;;;3
jonesreport.com;conspiracy;;;3
journal-neo.org;bias;;;3
katehon.com;bias;;;3
katehon.org;unknown;;;3
kauilapele.wordpress.com;unknown;;;3
kingworldnews.com;unknown;;;3
knowledgeoftoday.org;conspiracy;;;3
ladylibertynews.com;fake;;;3
landoverbaptist.org;satire;;;3
legorafi.fr;unknown;;;3
lewrockwell.com;bias;unreliable;political;3
liberalamerica.org;clickbait;bias;;3
liberalbias.com;satire;;;3
liberaldarkness.com;satire;fake;;3
libertyblitzkrieg.com;bias;;;3
libertyfederation.com;hate;;;3
libertymovementradio.com;conspiracy;;;3
libertynews.com;unreliable;bias;;3
libertytalk.fm;conspiracy;;;3
libertyunyielding.com;bias;;;3
libertyvideos.org;conspiracy;;;3
lifeandabout.com;bias;;;3
lifenews.com;bias;clickbait;;3
lifeprevention.com;junksci;;;3
lifesitenews.com;clickbait;bias;;3
lifezette.com;clickbait;;;3
lightlybraisedturnip.com;unknown;;;3
liveactionnews.org;bias;;;3
livefreelivenatural.com;unknown;;;3
livevote.com;clickbait;;;3
loanpride.com;rumor;clickbait;;3
lovethispic.com;clickbait;junksci;;3
lushforlife.com;satire;;;3
madpatriots.com;unreliable;clickbait;;3
Mad-Yet.blogspot.com;unreliable;;;3
magafeed.com;rumor;bias;fake;3
maganews.co;fake;;;3
makeamericagreattoday.com;bias;fake;;3
meanlefthook.com;bias;clickbait;;3
megafreshnews.com;rumor;;;3
megynkelly.us;fake;;;3
militianews.com;conspiracy;bias;hate;3
mintpressnews.com;political;;;3
molonlabemedia.com;bias;conspiracy;;3
moonofalabama.org;bias;;;3
morningledger.com;unreliable;conspiracy;;3
mpidailymagazine.com;fake;bias;;3
mrc.org;political;bias;;3
mrconservative.com;fake;satire;;3
mydailyrelaxation.com;unknown;;;3
myzonetoday.com;fake;bias;;3
nahadaily.com;satire;;;3
nakedcapitalism.com;political;;;3
nasamoonhoax.com;conspiracy;;;3
nationalreview.com;political;;;3
NationalUFOCenter.com;conspiracy;;;3
nationalvanguard.org;hate;;;3
nationindistress.weebly.com;conspiracy;;;3
nationonenews.com;fake;conspiracy;;3
naturalblaze.com;junksci;conspiracy;;3
naturalnewsblogs.com;junksci;;;3
nbcpolitics.org;unknown;;;3
nbcpoll.com;unknown;;;3
newcoldwar.org;political;;;3
newsbbc.net;fake;;;3
newsbreakers.org;satire;;;3
NewsBuster.com;unknown;;;3
newscenterusa.com;unknown;;;3
newscorpse.com;political;;;3
newsfrompolitics.com;fake;;;3
news-hound.com;unknown;;;3
news-hound.org;unknown;;;3
newslogue.com;bias;fake;;3
newsmagazine.com;fake;;;3
Newsmax.com;unreliable;bias;;3
newsmutiny.com;satire;fake;;3
newsninja2012.com;bias;;;3
newsopening.com;unknown;;;3
newstarget.com;conspiracy;;;3
newsthump.com;satire;;;3
newstoad.net;satire;;;3
newswatch28.com;fake;;;3
newswire-24.com;rumor;unreliable;;3
newswithviews.com;fake;conspiracy;;3
newyorker.com/humor;satire;;;3
nodisinfo.com;conspiracy;unreliable;;3
NoMoreFakeNews.com;conspiracy;;;3
nonaiswa.org/wordpress;unknown;;;3
northcrane.com;unreliable;;;3
NoTime4Bull.com;unknown;;;3
npiamerica.org;hate;bias;;3
NutritionalAnarchy.com;unreliable;;;3
nutritionfacts.org;reliable;;;3
nyuzer.com;unknown;;;3
oann.com;political;reliable;;3
oathkeepers.org;bias;;;3
objectiveministries.org;satire;;;3
observer.com;political;;;3
OCCUPY.com;political;;;3
occupyliberals.com;bias;clickbait;;3
odgossip.com;unknown;;;3
OffGridSurvival.com;conspiracy;bias;;3
off-guardian.org;bias;conspiracy;;3
oftwominds.com;bias;conspiracy;;3
oilgeopolitics.net;conspiracy;;;3
onlineconservativepress.com;fake;conspiracy;bias;3
opednews.com;unknown;;;3
openmindmagazine.com;bias;conspiracy;;3
orientalreview.org;bias;conspiracy;;3
other98.com;clickbait;bias;unreliable;3
pakalertpress.com;fake;;;3
patdollar.com;bias;clickbait;;3
patriotarchives.blogspot.com;unknown;;;3
patriotchronicle.com;bias;clickbait;;3
patriotnewsdaily.com;bias;;;3
patriotpost.us;bias;;;3
patriotrising.com;bias;conspiracy;;3
patriotupdate.com;bias;conspiracy;;3
paulcraigroberts.org;bias;conspiracy;;3
pjmedia.com;political;bias;;3
platosguns.com;bias;conspiracy;bias;3
policestateusa.com;unknown;;;3
policyreview.info;unknown;;;3
Politcalpiehole.com;unknown;;;3
politicalblindspot.com;conspiracy;junksci;;3
politicalcult.com;bias;clickbait;conspiracy;3
politicalears.com;unreliable;clickbait;;3
PoliticalPieHole.com;unknown;;;3
politicalsitenews.com;fake;;;3
politicaltimes.org;unknown;;;3
PoliticalTracker.com;unknown;;;3
politicalupdator.com;fake;clickbait;bias;3
politicsbreaking.com;unknown;;;3
politicsinformation.com;unknown;;;3
politicsinfotoday.com;unknown;;;3
politicsintheusa.com;unreliable;bias;;3
politicsinusa.com;unknown;;;3
politicususa.com;clickbait;unreliable;;3
pollhype.com;rumor;clickbait;bias;3
powerlineblog.com;unknown;;;3
powerpoliticians.com;unreliable;;;3
pravda.ru;bias;rumor;conspiracy;3
pravdareport.com;bias;rumor;conspiracy;3
prepperwebsite.com;conspiracy;fake;;3
presidentialvoting2016.com;political;bias;unreliable;3
press24.us;unknown;;;3
presstv.com;bias;unreliable;;3
presstv.ir;bias;unreliable;;3
prisonplanet.com;conspiracy;;;3
prisonplanet.tv;conspiracy;;;3
proamericanews.com;fake;;;3
progressivestoday.com;bias;;;3
projectveritas.com;bias;unreliable;political;3
proudemocrat.com;political;;;3
PublicIntelligence.net;unknown;;;3
randpaulreview.com;unknown;;;3
rawforbeauty.com;junksci;;;3
rawstory.com;political;clickbait;;3
rawws.com;unknown;;;3
rbth.com;unknown;;;3
readynutrition.com;unknown;conspiracy;;3
reagancoalition.com;bias;fake;clickbait;3
realfarmacy.com;junksci;conspiracy;;3
realplanetnews.com;junksci;;;3
realprogress.online;unknown;;;3
realtimepolitics.com;bias;unreliable;;3
RedIceCreations.com;unknown;;;3
redstate.com;political;clickbait;;3
reductress.com;satire;;;3
remedydaily.com;clickbait;;;3
rense.com;conspiracy;junksci;;3
resistancereport.com;political;unreliable;;3
responsibletechnology.org;junksci;;;3
returnofkings.com;hate;;;3
rhotv.com;fake;;;3
rightalert.com;bias;unreliable;;3
righton.com;unknown;;;3
rinf.com;political;;;3
rockcitytimes.com;satire;;;3
ronpaulinstitute.org;political;;;3
rumormillnews.com;conspiracy;junksci;rumor;3
ruptly.tv;political;;;3
russia-direct.org;unknown;political;;3
russia-insider.com;bias;clickbait;;3
satirewire.com;satire;;;3
scrappleface.com;satire;;;3
secretsofthefed.com;conspiracy;junksci;;3
sensationalisttimes.com;satire;;;3
sentinelblog.com;conspiracy;junksci;;3
sgtreport.com;unknown;;;3
shadowproof.com;unknown;;;3
ShadowStats.com;unknown;;;3
shareblue.com;unreliable;political;bias;3
sheepkillers.com;conspiracy;junksci;;3
shiftfrequency.com;unknown;;;3
shoebat.com;conspiracy;bias;;3
shtfplan.com;unknown;;;3
silentmajoritypatriots.com;unknown;;;3
SilverBearCafe.com;conspiracy;;;3
Silver-Coin-Investor. com;conspiracy;bias;unreliable;3
SilverDoctors.com;conspiracy;bias;;3
SilverStealers.net;conspiracy;;;3
SJLendman.Blogspot.com;bias;;;3
skeptiko.com;conspiracy;junksci;;3
smartknowledgeu.com/blog;unknown;;;3
solari.com/blog;unknown;;;3
sonsoflibertyradio.com;conspiracy;bias;unreliable;3
sott.net;unknown;;;3
southfront.org;unknown;;;3
southweb.org;unknown;;;3
SovereignMan.com;unreliable;;;3
speciallifeentertainment.com;unknown;;;3
speld.nl;satire;;;3
sportspickle.com;satire;;;3
sputniknews.com;bias;state;fake;3
SRSroccoReport.com;unknown;;;3
STAWealth.com;unknown;;;3
SteveQuayle.com;unknown;;;3
stneotscitizen.com;satire;;;3
stormcloudsgathering.com;fake;;;3
strategic-culture.org;unknown;;;3
subjectpolitics.com;fake;bias;;3
suggesthealthytips.com;unknown;;;3
surenews.com;unknown;;;3
surrealscoop.com;satire;;;3
SurvivalBlog.com;unknown;;;3
SurvivalKnowHow.net;unknown;;;3
survivopedia.com;unknown;;;3
szandorblestman.com/index.php;unknown;;;3
tap-news.com;unknown;;;3
teapartyeconomist.com;unknown;;;3
teapartytribune.com;unknown;;;3
tellmenow.com;unknown;;;3
TenthAmendmentCenter.com;unknown;;;3
theamericancause.org;unknown;;;3
theamericanindependent.wordpress.com;fake;bias;;3
theamericanmirror.com;unknown;;;3
theantimedia.org;unreliable;bias;conspiracy;3
TheAuReport.com;unknown;;;3
theautogear.com;unknown;;;3
thebeaverton.com;satire;;;3
theblaze.com;political;clickbait;;3
TheBRICSPost.com;unknown;;;3
TheBrowser.com;unknown;;;3
TheBurningPlatform.com;unknown;;;3
thecarsmagazine.com;unknown;;;3
thecivilian.co.nz;unknown;;;3
thecommonsenseshow.com;fake;conspiracy;;3
thecontroversialfiles.net;fake;clickbait;;3
TheCroweHouse.com;unknown;;;3
thedailybeast.com;political;;;3
thedailybell.com;unknown;;;3
TheDailyCoin.org;unknown;;;3
TheDailyCrux.com;unknown;;;3
thedailymash.co.uk;satire;;;3
thedailysheeple.com;conspiracy;bias;;3
thedailywtf.com;satire;;;3
thedemocratic.site;unknown;;;3
theduran.com;unreliable;;;3
theearthchild.co.za;unknown;;;3
theeconomiccollapseblog.com;conspiracy;bias;;3
TheExtinctionProtocol.com;conspiracy;;;3
thefifthcolumnnews.com;political;;;3
theforbiddenknowledge.com;conspiracy;junksci;;3
thefreethoughtproject.com;unreliable;conspiracy;clickbait;3
thegoldandoilguy.com/articles;unreliable;;;3
thegoldwater.com;unknown;;;3
thehardtimes.net;satire;;;3
theineptowl.com;satire;;;3
theinformedamerican.net;unreliable;;;3
theintercept.com;political;;;3
thelastgreatstand.com;fake;conspiracy;bias;3
thelibertybeacon.com;conspiracy;junksci;bias;3
thelibertymill.com;unreliable;bias;conspiracy;3
themadisonmisnomer.com;satire;;;3
themideastbeast.com;satire;;;3
themindunleashed.org;conspiracy;junksci;clickbait;3
themuslimissue.wordpress.com;hate;conspiracy;;3
thenewamerican.com;bias;;;3
thenewinquiry.com;unknown;;;3
thenewsdoctors.com;bias;;;3
TheNewsFile.com;unknown;;;3
the-newspapers.com;unknown;;;3
theonion.com;satire;;;3
theopenscroll.blogspot.com;unknown;;;3
theorganicprepper.ca;unknown;;;3
TheOutsiderClub.com;unknown;;;3
theoxymoron.co.uk;unknown;;;3
ThePeoplesVoice.net;unknown;;;3
thephaser.com;conspiracy;;;3
thepoke.co.uk;satire;;;3
thepoliticalcesspool.com;unknown;hate;;3
thepostemail.com;unknown;;;3
therebel.media;unknown;;;3
therightplanet.com;unknown;;;3
therightscoop.com;fake;clickbait;;3
therightstuff.biz;hate;;;3
therundownlive.com;unknown;;;3
therussophile.org;unknown;;;3
thesaker.is;unknown;;;3
theshovel.com.au;satire;;;3
theskunk.org;satire;;;3
thesleuthjournal.com;unknown;;;3
thespoof.com;satire;;;3
thestatelyharold.com;satire;;;3
thetimesoftheworld.com;satire;;;3
thetruthaboutcancer.com;junksci;;;3
thetruthdivision.com;fake;bias;;3
thetruthseeker.co.uk;fake;conspiracy;junksci;3
TheTruthWins.com;junksci;conspiracy;clickbait;3
theunrealtimes.com;satire;;;3
theuspatriot.com;satire;fake;;3
TheVictoryReport.org;unknown;;;3
thewatchtowers.com;bias;conspiracy;clickbait;3
TheWealthWatchman.com;unknown;;;3
theworldstyle.com;unknown;;;3
thinkprogress.org;political;;;3
thirdworldtraveler.com;unknown;;;3
thisismynewworld.com;unknown;;;3
threepercenternation.com;fake;conspiracy;bias;3
thrivemovement.com;unknown;;;3
TomWoods.com;political;unreliable;;3
topekasnews.com;satire;;;3
topnewspolitics.com;unknown;;;3
topratedviral.com;unknown;;;3
totalworldnews.com;unknown;;;3
traderdan.com;unknown;;;3
tradewithdave.com;unknown;;;3
TragedyandHope.com;unknown;;;3
trendingnewsguide.com;unknown;;;3
trendingnewstoday.net;unknown;;;3
tribuneherald.net;unknown;;;3
trueeconomics.blogspot.com;unknown;;;3
truepundit.com;bias;clickbait;;3
trumpvision365.com;fake;;;3
truthandaction.org;bias;conspiracy;clickbait;3
truthbroadcastnetwork.com;conspiracy;clickbait;;3
truthfrequencyradio.com;conspiracy;;;3
truthingold.com;unknown;;;3
TruthInMedia.com;unknown;;;3
truthnetwork.com;unknown;;;3
truthrevolt.org;bias;hate;;3
TruthStreamMedia.com;unknown;;;3
tunerspeed.com;unknown;;;3
turnerradionetwork.com;unknown;;;3
twitchy.com;clickbait;rumor;;3
tyronetribulations.com;unknown;;;3
ufoholic.com;conspiracy;;;3
unclesamsmisguidedchildren.com;bias;;;3
unconfirmedsources.com;satire;;;3
undergroundhealth.com;unknown;;;3
undergroundworldnews.com;fake;conspiracy;bias;3
unionleader.com;unknown;;;3
unz.com;bias;;;3
usa2016elections.com;fake;;;3
usadailypolitics.com;fake;;;3
usahitman.com;fake;conspiracy;;3
usainfobox.com;fake;;;3
usamagazinestudio.com;fake;;;3
usanewsinsider.com;fake;bias;clickbait;3
usanewspolitics.com;fake;;;3
usaonlinepolitics.com;fake;clickbait;;3
usaphase.com;fake;bias;;3
usapoliticsdaily.com;unknown;;;3
usapoliticus.com;unknown;;;3
usascan.com;unknown;;;3
usatoday.com.co;fake;;;3
usatwentyfour.com;fake;;;3
USAWatchdog.com;bias;;;3
usconservativetoday.com;fake;;;3
usdefensewatch.com;unreliable;;;3
usfanzone.com;fake;bias;;3
uslifetoday.com;clickbait;;;3
uspoliticslive.com;fake;bias;conspiracy;3
usviewer.com;unreliable;fake;;3
vdare.com;bias;hate;;3
veteransnewsnow.com;unreliable;political;;3
veteranstoday.com;bias;unreliable;;3
vigilantcitizen.com;fake;conspiracy;;3
viraltube.nl;clickbait;;;3
wakeupthesheep.com;conspiracy;;;3
wakingtimes.com;junksci;;;3
wakingupwisconsin.com;conspiracy;;;3
WallStreetOnParade.com;unreliable;;;3
washingtonexaminer.com;political;unreliable;;3
washingtonfed.com;fake;;;3
washingtonsblog.com;bias;conspiracy;satire;3
waterfordwhispersnews.com;satire;;;3
wealthcycles.com;unknown;;;3
wealthwire.com;unknown;;;3
weaselzippers.us;unreliable;bias;;3
webdaily.com;fake;conspiracy;bias;3
weeklystandard.com;political;bias;;3
weeklyworldnews.com;fake;rumor;clickbait;3
weshapelife.org;conspiracy;junksci;;3
westernjournalism.com;bias;clickbait;;3
whatreallyhappened.com;conspiracy;rumor;;3
whitepower.com;hate;conspiracy;bias;3
wideawakeamerica.com;unknown;;;3
WideAwakeNews.com;unknown;;;3
wikileaks.com;unreliable;;;3
wikileaks.org;unreliable;;;3
wikispooks.com;conspiracy;;;3
WilliamBanzai7.blogspot.com;satire;;;3
Willyloman.wordpress.com;conspiracy;;;3
winkprogress.com;satire;;;3
winningdemocrats.com;bias;unreliable;;3
WolfStreet.com;unreliable;;;3
wonkie.com;satire;;;3
world24monitor.com;unknown;;;3
worldcallyoutoday.com;unknown;;;3
worlddaily.info;unknown;;;3
worldpoliticsus.com;fake;;;3
worldrumor.com;fake;;;3
worldstoriestoday.com;fake;;;3
worldwidehealthy.com;junksci;clickbait;;3
wundergroundmusic.com;satire;;;3
www.rt.com;state;;;3
X22Report.com;conspiracy;;;3
yellowhammernews.com;political;;;3
yourfunpage.com;fake;;;3
yournationnews.com;clickbait;;;3
YourNewsline.wordpress.com;unknown;;;3
zaytung.com;unknown;;;3
Zengardner.com;unknown;;;3
us.blastingnews.com;satire;unreliable;;4
whowhatwhy.com;unreliable;;;4
whowhatwhy.org;conspiracy;;;4
